id,First_Name,Last_name
1,Dugald,Witul
2,Darcee,Drysdell
3,Chrissie,Dowson
4,Tod,Vasyutichev
5,Hammad,Kitteridge
6,Gussi,Paskins
7,Valentia,Shawcross
8,Norrie,Haslin
9,Silvester,Helkin
10,Elana,Kennifeck
11,Fina,Bennett
12,Audy,Richie
13,Tressa,Cawsby
14,Lettie,Drinkall
15,Rae,Blofeld
16,Pennie,Fallon
17,Lindsay,Edlin
18,Zaria,Cartmer
19,Sigmund,Grubey
20,Wald,Pickance
21,Philly,Fanstone
22,Elliot,Gooderridge
23,Beilul,Cloney
24,Ezechiel,Belderfield
25,Jessey,Denis
26,Ruthy,Ferretti
27,Annette,Speechly
28,Lainey,Stitch
29,Joachim,Dessant
30,Humberto,Whorlton
31,Ximenez,Wanjek
32,Jared,Potte
33,Kellia,Emlyn
34,Niels,Deabill
35,Shaw,Maleby
36,Cassy,Farmery
37,Larine,Aronov
38,Noella,Alfwy
39,Evy,Kitcher
40,Winni,Bousler
