id,First_Name,Last_Name,Title,Students_List,College_ID
1,Yankee,Taunton,Mr,25,23
2,Lacy,Ardy,Ms,25,33
3,Gayle,Brookton,Mr,8,25
4,Arabel,Aasaf,Honorable,21,8
5,Boyd,Strotton,Honorable,31,21
6,Chere,Dibner,Honorable,10,14
7,Aurlie,Rimes,Rev,33,1
8,Johny,Rivallant,Dr,11,7
9,Harri,Lebarree,Mr,20,31
10,Marie,Eberlein,Mrs,31,37
11,Wendall,Dameisele,Rev,2,33
12,Francyne,Fenlon,Mrs,1,5
13,Husein,Dewerson,Mrs,25,36
14,Marie-ann,Juanes,Mrs,4,34
15,Vida,Barkley,Mrs,10,37
16,Alicia,Start,Mr,11,1
17,Coleen,Winchester,Mr,18,25
18,Lesya,Gresly,Mrs,6,1
19,Clerkclaude,Verchambre,Mrs,29,12
20,Nanete,Port,Honorable,20,28
21,Pail,Heavens,Mrs,11,10
22,Harp,Bowes,Honorable,29,34
23,Julietta,Jillings,Ms,23,39
24,Bibi,Luttgert,Rev,26,30
25,Britni,Capitano,Rev,4,30
26,Lila,Maskill,Mrs,34,26
27,Cooper,Weins,Ms,2,26
28,Horacio,Gealle,Honorable,20,21
29,Dolph,Braunds,Honorable,25,25
30,Isa,Halbard,Rev,32,35
31,Reidar,Quigg,Honorable,30,8
32,Farleigh,Braun,Rev,4,38
33,Ernestine,Dommett,Dr,40,24
34,Abagael,Nicklen,Rev,26,8
35,Adolphe,Gannicleff,Dr,15,9
36,Garth,Renner,Dr,7,2
37,Sollie,Parlor,Rev,17,14
38,Misha,Burnyeat,Mrs,39,21
39,Jamal,Lamport,Rev,1,13
40,Shalne,Ebbs,Rev,31,37
