id,Question,Answer,Application_ID
1,Question 29: Describe a challenge you overcame at work.,,22
2,Question 43: What motivated you to apply for this position?,,66
3,Question 47: Describe a challenge you overcame at work.,Answer 37: I am highly motivated by the opportunity to contribute to a growing organization.,92
4,Question 12: How do you prioritize tasks under tight deadlines?,,58
5,Question 5: Describe a challenge you overcame at work.,Answer 27: I prioritize tasks by using project management tools.,51
6,Question 37: What motivated you to apply for this position?,,12
7,Question 2: Describe a challenge you overcame at work.,Answer 13: I am highly motivated by the opportunity to contribute to a growing organization.,39
8,Question 18: How do you prioritize tasks under tight deadlines?,,74
9,Question 13: What motivated you to apply for this position?,,42
10,Question 32: Describe a challenge you overcame at work.,Answer 50: I overcame a work challenge by leveraging my skills.,16
11,Question 45: How do you prioritize tasks under tight deadlines?,,46
12,Question 47: Describe a challenge you overcame at work.,Answer 45: I prioritize tasks by using project management tools.,28
13,Question 18: How do you prioritize tasks under tight deadlines?,,99
14,Question 15: How do you prioritize tasks under tight deadlines?,Answer 22: I am highly motivated by the opportunity to contribute to a growing organization.,71
15,Question 50: Describe a challenge you overcame at work.,Answer 50: I overcame a work challenge by leveraging my skills.,79
16,Question 26: Describe a challenge you overcame at work.,Answer 34: I am highly motivated by the opportunity to contribute to a growing organization.,9
17,Question 6: How do you prioritize tasks under tight deadlines?,,16
18,Question 42: How do you prioritize tasks under tight deadlines?,,12
19,Question 1: What motivated you to apply for this position?,,93
20,Question 34: What motivated you to apply for this position?,,1
21,Question 10: What motivated you to apply for this position?,,22
22,Question 12: How do you prioritize tasks under tight deadlines?,,14
23,Question 28: What motivated you to apply for this position?,Answer 50: I overcame a work challenge by leveraging my skills.,100
24,Question 16: What motivated you to apply for this position?,,65
25,Question 34: What motivated you to apply for this position?,,19
26,Question 48: How do you prioritize tasks under tight deadlines?,,30
27,Question 3: How do you prioritize tasks under tight deadlines?,,97
28,Question 26: Describe a challenge you overcame at work.,Answer 2: I overcame a work challenge by leveraging my skills.,95
29,Question 1: What motivated you to apply for this position?,,22
30,Question 35: Describe a challenge you overcame at work.,,28
31,Question 5: Describe a challenge you overcame at work.,Answer 14: I overcame a work challenge by leveraging my skills.,63
32,Question 19: What motivated you to apply for this position?,,50
33,Question 13: What motivated you to apply for this position?,Answer 8: I overcame a work challenge by leveraging my skills.,40
34,Question 36: How do you prioritize tasks under tight deadlines?,,47
35,Question 7: What motivated you to apply for this position?,,4
36,Question 41: Describe a challenge you overcame at work.,Answer 1: I am highly motivated by the opportunity to contribute to a growing organization.,68
37,Question 40: What motivated you to apply for this position?,,92
38,Question 26: Describe a challenge you overcame at work.,Answer 35: I overcame a work challenge by leveraging my skills.,2
39,Question 43: What motivated you to apply for this position?,Answer 39: I prioritize tasks by using project management tools.,53
40,Question 7: What motivated you to apply for this position?,Answer 18: I prioritize tasks by using project management tools.,13
41,Question 26: Describe a challenge you overcame at work.,Answer 28: I am highly motivated by the opportunity to contribute to a growing organization.,86
42,Question 12: How do you prioritize tasks under tight deadlines?,Answer 11: I overcame a work challenge by leveraging my skills.,25
43,Question 8: Describe a challenge you overcame at work.,,70
44,Question 38: Describe a challenge you overcame at work.,Answer 32: I overcame a work challenge by leveraging my skills.,54
45,Question 3: How do you prioritize tasks under tight deadlines?,Answer 40: I am highly motivated by the opportunity to contribute to a growing organization.,7
46,Question 33: How do you prioritize tasks under tight deadlines?,,20
47,Question 25: What motivated you to apply for this position?,,48
48,Question 8: Describe a challenge you overcame at work.,Answer 26: I overcame a work challenge by leveraging my skills.,32
49,Question 28: What motivated you to apply for this position?,Answer 46: I am highly motivated by the opportunity to contribute to a growing organization.,56
50,Question 19: What motivated you to apply for this position?,,90
